attendancePercentage,internalMarks,assignmentScore,cgpa,backlogCount,previousSemesterPerformance,feeStatus,familyIncomeCategory,internetAccess,extracurricularParticipation,previousCounsellingCount,dropoutRisk
83.9,53.1,64.2,7.38,1,65.3,1,1,1,2,0,1
72.5,58.4,62.3,6.6,0,57.5,0,2,1,1,0,1
86.7,55.9,65.6,7.37,1,58.9,1,2,1,1,1,1
100.0,72.1,85.5,7.96,0,67.4,0,1,1,1,0,0
70.8,61.5,58.9,7.27,2,64.4,0,0,1,0,0,1
70.8,48.9,49.6,7.26,0,57.4,0,1,1,1,0,1
100.0,56.2,97.6,6.22,0,44.4,0,0,1,0,1,0
88.8,48.7,72.2,6.27,1,67.8,0,1,1,0,0,1
66.5,51.6,48.9,5.24,2,42.5,0,1,1,1,0,1
84.8,82.0,72.7,9.65,1,81.5,2,2,1,0,0,0
66.7,49.6,62.3,5.46,3,55.7,0,2,1,1,0,1
66.6,45.3,44.2,6.23,0,79.5,1,1,1,1,0,1
79.4,47.9,73.9,6.19,3,45.8,2,0,1,1,2,1
40.6,68.2,32.9,8.45,2,75.8,0,2,1,0,1,1
44.0,64.5,62.9,6.79,1,54.3,0,0,1,0,1,1
64.9,89.5,65.7,8.95,1,72.8,0,1,1,1,1,0
56.8,46.7,50.7,6.26,2,50.0,0,0,1,2,0,1
80.7,73.1,64.0,7.59,1,57.8,0,1,1,0,0,0
58.7,33.9,55.0,6.03,2,53.0,2,2,1,0,0,1
49.6,75.4,55.8,10.0,0,74.7,0,0,1,2,0,0
100.0,39.4,84.7,5.54,1,55.9,0,1,1,0,0,1
70.9,54.1,62.5,7.63,2,66.5,0,1,0,2,0,1
76.2,56.1,68.9,8.09,0,72.7,1,2,1,1,1,0
49.4,69.4,43.5,7.78,2,64.0,0,2,1,1,1,1
65.2,57.3,57.2,6.94,2,58.0,0,0,1,0,2,1
77.0,62.7,48.0,7.02,0,63.2,0,0,1,0,1,1
54.3,67.2,62.7,7.26,1,54.9,0,1,1,0,1,1
81.8,61.6,75.2,6.99,0,58.4,2,1,1,2,0,0
64.2,77.9,52.2,8.55,2,67.4,1,1,1,1,0,1
69.7,84.4,82.8,10.0,0,78.8,0,0,1,1,0,0
64.2,45.1,60.8,6.42,0,41.6,0,0,1,1,0,1
100.0,53.4,74.6,5.28,0,56.6,0,1,1,0,1,1
74.8,55.4,75.9,7.08,0,56.8,0,0,1,1,0,1
56.0,77.5,58.2,10.0,0,93.1,0,2,0,1,0,0
89.8,50.2,81.8,6.07,2,61.1,0,0,0,1,0,1
53.0,73.4,47.9,9.49,1,72.0,0,0,0,0,0,1
78.8,77.8,74.6,9.55,5,73.8,2,2,1,1,1,1
39.7,57.4,40.2,6.42,0,74.3,0,1,0,2,0,1
51.1,70.8,56.3,8.0,3,81.2,2,1,1,1,0,1
78.5,73.4,50.9,9.48,0,80.6,0,0,1,0,0,0
88.3,52.8,72.5,6.67,2,60.2,0,1,1,1,1,1
78.1,67.4,86.9,6.91,1,55.9,1,1,1,0,0,1
72.9,58.2,58.4,6.39,2,59.1,0,1,1,1,0,1
69.6,65.7,57.7,5.78,2,46.2,0,2,1,2,0,1
48.4,62.9,44.4,6.29,0,41.1,0,1,1,1,0,1
62.0,55.8,46.3,5.49,2,39.6,0,1,1,1,0,1
66.7,50.5,39.6,7.25,2,63.1,2,1,1,1,1,1
94.0,58.1,78.5,6.12,1,46.1,1,1,1,0,0,1
81.2,63.6,73.2,7.53,1,64.7,0,0,1,0,0,1
43.3,38.3,44.8,5.02,0,37.7,0,1,1,2,0,1
80.8,66.5,70.1,7.66,1,60.8,0,1,1,1,0,0
68.1,78.7,63.1,8.37,2,77.9,0,1,1,0,2,1
62.8,41.5,69.2,4.41,2,42.0,0,1,1,0,0,1
86.0,58.6,73.3,7.72,0,66.7,0,1,1,1,0,0
93.6,81.7,74.7,8.92,0,82.5,0,2,1,1,0,0
91.8,41.7,76.4,5.51,0,52.4,0,0,1,1,1,1
59.9,82.8,62.7,9.54,0,91.5,0,1,1,0,1,0
69.4,63.8,77.7,7.79,0,64.1,0,1,1,2,0,0
81.0,51.1,65.4,6.21,4,51.7,0,1,1,1,1,1
92.6,66.7,80.8,7.12,0,52.9,2,1,1,1,1,0
66.4,59.5,64.8,7.98,1,65.9,1,0,1,1,0,1
71.7,77.7,55.2,7.31,1,70.2,0,1,1,0,0,1
55.1,53.0,53.8,7.95,1,77.7,0,0,1,2,0,1
53.5,45.5,37.8,5.91,2,59.0,1,2,1,0,0,1
89.6,66.2,60.0,7.44,2,51.9,2,1,1,0,1,1
99.4,49.1,88.3,5.22,1,54.3,1,2,1,1,0,1
73.7,59.1,62.8,7.04,2,48.5,0,1,1,1,1,1
93.1,50.0,82.2,5.93,1,58.8,2,1,1,1,1,1
81.5,55.7,71.9,6.17,1,51.8,0,1,1,1,0,1
63.4,74.1,49.6,8.93,5,81.4,0,2,1,0,2,1
81.5,85.3,71.6,8.73,1,65.5,2,2,1,2,1,0
100.0,75.2,72.7,8.05,1,77.6,0,0,1,0,0,0
74.4,55.2,81.0,5.67,1,40.1,2,1,1,2,0,1
100.0,49.7,71.4,6.76,0,54.4,0,1,1,0,0,0
27.8,75.0,32.5,8.9,0,69.2,2,0,1,1,1,1
89.8,60.5,67.4,7.4,0,51.9,0,1,1,0,2,0
76.6,77.0,74.3,10.0,2,85.7,2,2,1,1,2,0
69.6,68.8,60.4,7.75,0,79.6,0,1,1,2,2,0
76.7,59.2,63.5,7.47,0,83.4,0,1,1,1,1,0
39.2,62.8,51.0,6.77,0,59.8,0,1,0,1,1,1
71.0,54.2,65.0,7.39,0,71.9,0,1,0,1,0,1
81.4,73.1,77.2,6.99,1,62.5,0,0,1,1,1,0
100.0,62.5,75.2,8.19,1,74.0,0,1,1,2,0,0
65.7,74.3,46.9,8.54,0,70.9,0,2,0,1,0,0
60.4,58.2,58.4,6.1,2,55.2,0,1,1,0,0,1
66.0,40.8,58.0,5.34,0,51.5,0,0,0,0,0,1
91.5,46.2,85.3,4.63,1,38.0,2,0,1,0,0,1
80.9,57.4,70.8,7.91,0,67.7,0,0,1,0,0,0
65.5,59.7,62.9,5.66,3,49.8,0,1,1,1,0,1
84.2,35.7,57.7,4.19,1,44.3,0,1,1,0,0,1
76.7,61.1,87.6,7.74,2,59.5,0,0,1,0,0,1
92.4,82.6,78.1,10.0,1,84.6,0,2,1,0,0,0
62.4,67.6,65.6,7.19,2,75.9,0,1,1,1,0,1
69.1,66.5,55.0,8.37,0,80.1,1,1,1,1,0,0
67.9,56.2,65.6,7.31,1,73.0,0,2,1,0,1,1
48.7,58.3,36.0,7.06,1,61.7,0,0,1,2,0,1
80.3,62.7,75.8,8.49,1,75.1,0,2,1,0,1,0
79.7,72.3,67.2,6.79,2,66.4,0,0,1,2,2,1
75.1,59.9,67.9,7.57,1,76.5,0,1,1,1,0,1
70.8,71.7,71.5,7.65,0,52.5,1,2,1,0,0,0
49.5,54.9,37.3,6.26,1,45.9,0,2,1,1,0,1
67.4,65.1,55.4,8.59,1,82.9,0,1,1,1,0,1
68.8,59.1,67.8,6.96,2,58.7,0,1,1,1,0,1
60.6,58.5,78.4,6.14,0,49.4,1,1,1,2,1,1
72.1,66.1,64.1,7.95,3,59.8,0,2,1,0,0,1
82.3,60.1,78.5,5.94,2,48.7,0,0,1,0,1,1
100.0,69.7,83.9,7.24,2,53.1,0,2,1,0,0,0
78.1,68.4,89.1,7.19,3,77.1,0,1,1,0,0,1
79.6,70.4,53.3,8.72,2,74.6,2,1,1,0,0,1
73.7,58.2,67.5,7.86,0,67.5,0,1,1,2,1,0
40.5,56.0,27.1,7.16,0,66.4,0,1,0,0,0,1
74.5,72.5,42.1,8.34,2,78.5,2,2,1,1,0,1
76.1,82.1,71.2,9.15,1,84.8,0,1,1,1,0,0
100.0,50.5,86.4,7.98,1,76.4,0,2,1,2,0,0
71.5,61.3,62.2,7.21,2,58.3,0,0,0,2,2,1
80.4,46.9,70.2,5.36,2,45.8,0,1,1,1,0,1
74.4,46.3,98.0,5.71,0,56.1,0,2,1,2,1,1
54.0,67.9,50.2,6.77,1,55.5,1,1,0,1,0,1
95.6,57.3,87.0,6.35,0,55.7,0,1,1,2,0,0
88.5,69.5,70.5,6.94,1,63.3,0,1,1,1,0,0
89.2,60.1,80.4,7.28,3,68.7,1,2,1,0,0,1
58.6,75.0,53.7,7.94,0,56.1,0,2,1,1,2,1
100.0,73.4,80.9,7.1,2,66.8,0,0,1,1,0,0
49.8,77.5,68.0,7.88,3,66.4,0,2,1,0,1,1
85.6,53.2,86.7,7.29,3,68.3,1,1,1,0,1,1
100.0,35.7,86.4,4.43,2,45.9,1,0,1,1,0,1
57.2,47.3,32.0,5.88,3,63.3,2,2,1,2,0,1
64.8,63.4,56.8,7.0,0,70.5,1,1,1,0,1,1
76.8,52.3,95.8,5.51,4,58.5,0,2,1,1,0,1
65.9,61.6,58.8,8.04,3,79.4,0,0,1,1,0,1
47.1,80.0,59.0,9.34,0,81.8,1,0,1,2,4,0
76.2,59.5,82.8,8.91,2,76.5,0,1,1,2,0,0
55.9,70.2,56.3,6.9,0,66.3,0,0,1,1,0,1
83.5,74.8,65.0,9.29,1,84.4,0,1,1,1,0,0
58.5,63.4,31.6,7.41,0,62.1,0,0,1,0,2,1
100.0,54.7,91.8,6.73,2,61.7,2,1,1,1,1,0
60.9,63.1,49.5,6.34,0,55.5,0,0,1,1,0,1
69.2,34.9,65.2,6.78,0,53.2,0,0,1,2,0,1
89.6,56.4,65.3,6.66,1,67.3,2,1,1,1,0,1
52.8,62.4,49.3,7.44,3,64.9,0,0,1,0,0,1
79.1,59.5,70.7,7.42,1,78.7,0,1,1,1,0,1
98.5,75.0,86.7,7.2,2,51.3,0,2,1,0,0,0
46.1,59.3,36.1,7.81,0,63.6,1,1,1,0,0,1
78.3,81.5,81.8,8.87,0,76.2,1,2,1,0,1,0
79.7,75.3,64.8,8.53,1,81.2,1,0,1,0,0,0
89.1,53.6,60.6,5.12,1,48.8,0,0,1,1,1,1
52.7,25.5,50.8,3.62,4,36.2,0,2,1,0,0,1
51.2,66.5,51.2,8.51,0,65.2,1,1,1,0,1,1
84.4,53.7,75.7,5.29,1,39.2,1,1,1,2,1,1
80.3,61.9,84.9,6.89,1,62.3,0,1,1,0,0,1
79.5,34.9,68.3,5.56,0,39.9,0,1,0,0,0,1
81.2,35.4,70.7,4.68,0,38.7,2,0,1,0,0,1
62.8,70.7,47.9,7.96,1,72.2,1,1,1,0,1,1
79.2,76.9,78.6,8.26,1,64.2,1,1,1,0,2,0
80.3,48.9,73.0,6.39,1,67.4,1,1,1,0,1,1
62.1,20.0,54.3,3.57,2,42.1,0,2,1,1,1,1
100.0,58.9,66.0,6.44,4,45.5,0,1,1,0,0,1
83.5,56.1,87.9,7.75,1,60.5,0,0,1,0,0,0
53.6,27.5,40.2,5.13,0,30.0,0,2,1,2,1,1
86.8,40.7,69.9,7.46,2,59.2,0,1,1,1,0,1
57.5,67.5,58.8,7.18,3,67.8,0,1,1,2,1,1
89.2,69.1,65.5,8.01,0,66.2,0,0,1,1,0,0
95.9,60.8,67.2,7.37,1,67.2,0,0,1,0,0,0
60.2,60.7,35.9,5.84,0,41.0,0,1,1,1,1,1
92.3,80.5,86.8,8.88,1,81.6,0,1,1,0,1,0
82.4,72.2,67.2,6.98,1,56.9,0,2,0,0,0,1
89.8,49.7,100.0,7.16,1,62.4,0,2,1,1,0,0
100.0,49.8,75.1,5.89,0,51.5,0,2,0,1,1,1
70.6,43.0,55.2,6.58,3,48.7,2,1,1,1,4,1
61.4,48.8,52.3,5.96,2,44.6,0,1,1,2,0,1
59.0,57.2,58.7,6.96,3,67.4,0,1,1,0,1,1
60.3,86.6,52.5,9.6,3,84.6,0,0,1,1,3,1
73.6,45.2,72.7,5.28,1,54.6,0,0,1,1,1,1
81.1,47.0,62.0,4.94,3,46.8,0,1,1,2,1,1
80.0,84.3,57.2,9.26,1,80.1,1,2,1,1,2,0
89.9,75.9,59.9,6.91,5,48.2,1,0,1,2,1,1
75.2,50.7,45.4,6.26,0,53.2,0,0,1,0,1,1
100.0,66.0,79.8,8.66,2,74.1,0,2,0,1,0,0
70.2,56.0,61.2,6.35,2,69.5,2,0,0,0,0,1
100.0,76.5,78.7,9.76,2,87.9,1,1,0,0,1,0
86.3,81.1,87.8,8.15,1,80.9,0,1,1,2,0,0
59.6,53.1,69.0,6.52,0,61.3,0,0,1,0,2,1
55.7,80.5,50.7,10.0,2,80.0,0,2,1,2,2,0
83.7,50.2,55.6,6.35,2,56.6,0,0,1,0,0,1
71.0,75.8,59.0,8.24,1,72.6,0,1,1,1,0,0
87.9,63.5,70.5,7.62,0,59.4,0,0,1,0,1,0
83.5,71.6,66.9,9.02,3,74.5,0,0,1,0,0,1
73.7,93.1,59.6,9.39,3,78.6,0,0,1,0,1,0
59.8,54.7,50.3,7.24,1,74.2,1,0,1,1,1,1
47.7,52.5,44.5,6.15,1,39.6,1,0,1,0,0,1
67.0,71.9,55.5,7.84,3,76.2,0,1,1,1,1,1
90.4,40.1,80.4,6.25,0,48.5,1,1,0,0,0,1
78.9,88.8,73.8,10.0,0,75.4,0,1,1,0,1,0
52.6,54.4,42.7,7.39,1,72.4,1,1,0,0,1,1
78.1,63.4,82.4,6.69,4,63.6,0,2,1,1,0,1
81.9,55.7,62.6,7.46,2,73.5,0,2,1,1,1,1
59.1,50.7,40.2,5.31,1,53.1,0,1,1,2,1,1
77.8,58.5,73.2,5.84,2,66.1,0,2,1,0,1,1
76.0,82.4,60.1,8.88,3,80.0,2,1,1,1,0,1
54.4,55.4,56.3,6.28,1,54.1,0,1,1,1,0,1
81.4,46.9,48.0,5.73,1,53.3,0,1,1,0,0,1
85.1,63.0,88.5,7.95,4,77.3,0,1,1,1,1,1
94.5,87.1,87.9,8.86,1,70.4,0,1,1,1,0,0
94.0,64.2,65.8,8.21,0,66.1,0,1,1,0,0,0
50.2,64.8,35.4,8.59,0,71.6,0,2,1,0,1,1
58.1,57.5,72.4,6.14,1,39.4,1,2,1,0,0,1
84.3,37.9,66.6,5.21,0,47.6,1,1,1,1,0,1
84.2,71.5,65.6,9.3,0,66.2,2,1,1,0,0,0
84.3,45.8,51.3,6.75,0,59.4,0,0,1,0,1,1
100.0,54.4,81.5,6.85,4,65.8,0,0,1,0,0,1
85.3,76.3,72.4,9.06,1,74.1,0,1,1,0,1,0
95.4,69.8,89.0,7.98,0,80.6,0,1,1,0,0,0
92.2,74.2,65.5,7.84,0,57.5,0,0,0,2,1,0
86.7,89.2,60.5,10.0,0,93.3,2,2,1,0,1,0
69.3,52.0,68.0,6.3,0,60.1,0,1,1,1,0,1
88.7,70.7,87.1,8.5,1,61.0,2,1,1,0,1,0
61.1,66.0,42.1,7.28,0,82.2,1,0,1,1,0,1
70.7,74.6,75.3,7.58,0,65.2,2,0,1,1,0,0
66.3,80.4,61.8,9.34,1,73.6,1,2,1,0,1,0
76.5,63.5,79.4,7.91,1,58.4,0,1,1,1,1,0
100.0,59.7,84.3,7.95,0,67.1,0,2,1,1,0,0
41.4,62.4,20.0,8.7,0,73.7,0,2,1,1,0,1
87.4,62.2,74.6,6.69,1,59.2,0,1,1,1,0,1
46.0,55.8,57.8,6.03,2,51.1,0,0,1,2,1,1
66.5,53.4,52.6,5.74,1,55.3,0,2,1,1,0,1
94.6,36.8,77.3,4.45,0,37.9,0,2,1,2,0,1
76.2,96.3,66.5,10.0,1,71.5,2,1,1,1,1,0
55.6,44.2,24.9,5.66,1,49.2,2,1,1,1,1,1
62.1,66.2,75.2,6.89,1,43.5,0,1,1,1,0,1
87.2,57.6,67.0,6.81,1,62.0,0,1,1,2,1,1
61.9,60.0,63.4,7.63,1,59.2,0,1,1,2,0,1
78.9,75.6,69.4,8.34,2,72.9,0,2,1,0,2,0
75.8,74.7,80.7,8.4,2,81.4,1,1,1,1,0,0
63.3,57.1,63.4,6.38,4,49.4,0,0,1,0,0,1
100.0,59.9,82.7,6.97,0,68.2,0,1,1,1,0,0
86.4,64.3,66.6,7.6,2,62.7,1,0,1,0,1,1
38.5,77.3,50.0,6.85,2,72.1,1,0,1,0,1,1
78.4,89.8,51.1,9.45,2,78.0,0,2,0,2,2,0
63.1,72.8,65.6,7.89,2,62.2,0,0,1,0,0,1
90.3,70.8,67.3,8.23,0,75.6,0,0,1,1,1,0
60.7,77.1,70.0,8.13,1,67.0,0,1,1,1,1,1
72.9,79.3,67.7,8.84,2,69.9,0,1,1,0,0,0
84.1,63.6,80.3,7.45,1,61.3,0,1,1,0,1,0
90.6,43.3,79.2,5.38,1,47.8,0,0,1,1,1,1
53.4,65.3,34.9,7.76,1,76.5,0,0,1,0,1,1
69.0,28.1,54.7,6.29,1,41.8,0,0,1,1,0,1
66.5,56.6,68.2,6.46,0,56.8,1,1,1,2,0,1
63.2,64.3,60.9,8.02,0,73.5,0,0,1,0,1,1
100.0,88.7,96.8,8.93,0,77.8,0,2,0,0,1,0
82.3,61.6,76.6,7.23,1,72.0,1,1,0,1,1,1
52.3,55.4,41.9,7.63,3,65.5,0,0,1,1,0,1
91.5,81.1,71.1,9.58,1,80.4,2,1,1,0,0,0
100.0,55.7,86.0,7.54,1,69.4,0,1,1,0,0,0
93.6,88.8,57.4,10.0,3,85.7,0,1,1,1,0,0
47.7,70.3,65.1,7.99,1,66.2,0,0,1,2,0,1
66.3,47.9,65.8,4.73,0,46.5,0,1,1,0,1,1
97.8,63.8,95.7,8.25,1,66.5,0,1,1,1,2,0
62.3,66.0,42.8,7.73,0,62.6,0,2,1,2,1,1
83.0,65.6,85.5,9.01,0,73.3,0,0,1,1,1,0
88.9,74.8,99.6,8.14,4,79.6,0,1,0,1,1,1
58.3,63.7,42.6,7.01,1,38.5,0,1,1,1,0,1
73.9,50.6,74.5,5.49,0,51.7,0,2,1,2,1,1
25.0,58.7,32.5,6.91,2,60.5,0,2,1,1,0,1
56.6,54.4,39.1,6.01,0,41.3,0,0,0,2,1,1
70.5,67.1,69.2,6.39,0,58.3,0,0,1,1,1,1
52.5,65.9,60.1,8.02,0,72.5,0,1,1,1,1,1
100.0,82.2,79.0,9.54,2,85.4,0,0,0,0,0,0
49.3,57.2,61.1,7.75,1,48.5,0,1,1,0,0,1
67.1,40.0,45.3,5.53,1,58.8,1,0,1,1,0,1
77.4,67.3,54.2,7.82,3,62.4,0,1,1,0,0,1
100.0,84.3,86.4,8.88,1,80.8,0,2,1,1,0,0
49.2,51.9,49.7,6.35,0,61.0,0,2,1,0,0,1
95.9,57.7,75.0,7.01,0,55.0,0,1,1,1,0,0
75.2,58.1,75.7,7.22,1,67.4,0,1,1,0,0,1
57.3,47.6,60.4,6.1,2,51.1,0,2,1,1,0,1
83.3,71.3,81.9,8.11,1,55.4,0,0,1,1,0,0
78.6,47.8,68.8,7.03,0,69.4,0,1,1,0,1,1
64.2,76.4,66.0,7.79,1,61.9,0,1,0,1,0,1
76.3,45.3,63.9,5.96,1,46.7,0,0,1,0,0,1
68.1,61.8,83.2,6.59,0,54.9,0,1,1,0,1,1
77.0,59.6,60.8,8.21,1,72.6,0,0,1,0,1,1
86.9,62.1,96.9,6.68,0,58.0,0,1,1,0,0,0
100.0,87.1,85.3,9.62,1,85.8,0,0,0,2,1,0
52.7,59.5,38.1,6.64,1,48.7,0,1,1,0,0,1
100.0,55.9,98.7,7.51,0,59.9,0,0,1,1,1,0
39.9,74.3,44.2,8.51,2,72.2,0,2,1,0,1,1
72.3,34.9,74.1,5.21,1,60.0,1,1,1,1,2,1
85.6,38.2,87.2,4.73,1,42.1,0,1,1,0,1,1
80.1,51.3,74.4,5.06,3,53.1,0,1,1,1,0,1
63.8,82.6,53.7,8.97,0,77.0,1,1,1,1,0,0
71.3,54.8,74.6,6.43,0,53.0,0,0,1,1,0,1
66.1,77.2,61.3,10.0,3,83.3,0,1,1,0,1,1
64.4,59.7,66.9,6.41,1,55.1,1,0,1,1,1,1
90.3,63.6,56.7,7.46,3,68.9,0,0,1,0,0,1
81.4,61.0,76.5,9.36,2,89.5,0,1,1,0,0,0
62.5,91.3,52.4,10.0,4,87.5,1,0,1,1,1,1
91.2,84.8,95.4,10.0,0,93.3,2,1,1,1,1,0
80.5,85.2,77.6,8.89,1,69.4,0,1,1,1,1,0
89.6,64.6,80.1,8.63,4,71.2,0,1,1,1,0,1
86.3,42.8,80.3,8.03,1,64.2,0,1,1,0,1,0
60.1,72.7,47.1,8.29,1,73.5,0,1,1,0,0,1
64.9,57.0,76.7,6.43,1,53.9,0,1,0,0,0,1
88.5,37.9,96.8,6.05,1,58.5,0,1,1,1,0,1
86.0,53.3,79.1,7.2,2,56.0,0,0,1,1,0,1
74.6,81.2,83.1,6.96,0,61.0,0,1,1,0,1,0
77.1,53.4,63.3,6.57,0,62.3,0,1,1,1,0,1
98.0,75.3,75.6,8.17,1,55.9,0,1,0,1,0,0
64.4,67.4,60.5,8.54,2,88.2,1,2,1,1,2,1
84.8,45.5,78.7,7.32,0,61.6,2,2,1,1,0,0
71.4,77.4,61.0,9.27,2,65.0,0,0,1,1,2,0
71.1,45.5,70.1,5.6,4,50.9,2,0,1,1,1,1
94.8,55.7,84.4,6.93,0,60.7,1,0,1,0,0,0
89.9,51.8,67.9,6.2,0,54.0,0,0,1,0,0,1
89.6,41.1,82.9,4.59,0,48.6,0,0,0,0,0,1
98.5,59.0,92.6,7.08,1,66.9,0,1,1,1,2,0
75.4,49.6,69.5,7.03,3,63.3,0,2,1,2,0,1
87.3,83.1,87.6,9.32,1,82.7,0,1,1,1,0,0
69.4,53.1,51.4,8.08,0,68.9,0,0,1,0,0,1
80.8,32.6,76.3,5.77,0,63.6,0,1,1,1,0,1
72.7,89.2,54.2,9.8,0,73.0,0,1,1,1,0,0
76.7,79.8,57.6,8.91,1,77.3,0,2,1,2,1,0
85.7,67.7,68.7,8.01,1,69.6,1,2,1,1,1,0
60.3,47.3,47.8,6.88,2,65.8,0,2,1,2,1,1
100.0,44.1,79.5,5.86,1,45.9,2,1,1,0,0,1
56.9,54.7,52.7,6.68,1,46.2,0,1,0,0,1,1
53.1,61.4,60.6,8.72,0,75.9,2,0,0,0,0,1
95.8,77.7,78.9,9.84,0,85.7,0,1,1,1,0,0
89.2,84.8,61.6,9.36,2,90.3,0,0,1,0,0,0
86.2,66.8,86.8,6.52,4,48.2,0,1,0,1,1,1
86.3,44.5,67.0,5.63,2,58.1,0,1,1,1,0,1
74.8,68.9,66.8,7.4,1,80.7,1,0,1,0,0,1
58.8,24.8,60.7,4.72,2,40.1,0,0,1,2,1,1
76.4,70.3,70.5,7.65,1,57.2,2,0,1,0,1,1
62.8,53.0,69.9,6.99,0,58.1,0,0,1,0,0,1
92.6,58.1,84.6,6.55,1,57.5,0,0,1,1,0,1
72.4,40.2,57.0,4.97,0,48.7,1,0,1,0,0,1
60.1,77.9,78.9,7.92,2,64.2,0,0,1,1,0,1
69.2,47.9,65.4,6.45,2,67.5,0,0,1,1,1,1
82.4,52.3,71.2,5.56,0,41.7,2,2,1,2,1,1
64.9,24.8,70.0,3.18,1,25.0,2,1,1,2,0,1
60.2,59.6,59.6,7.16,3,70.0,2,0,0,0,0,1
79.4,80.8,74.6,9.68,2,66.5,2,1,0,1,1,0
79.4,74.2,95.5,9.53,0,79.8,0,2,1,0,0,0
65.9,55.6,58.4,6.56,0,79.3,1,1,1,0,0,1
66.5,53.5,58.4,6.36,2,55.8,0,0,1,0,0,1
79.2,68.7,71.6,7.86,1,60.0,2,1,1,0,0,0
48.9,50.0,60.0,5.8,1,51.0,0,1,0,2,4,1
49.7,71.2,34.7,7.62,3,65.6,0,1,1,0,0,1
62.1,77.7,38.8,8.27,1,72.3,0,1,1,1,0,1
71.2,67.4,58.9,8.92,1,81.0,0,2,1,1,1,0
80.6,67.0,55.1,7.06,0,54.2,0,2,1,1,0,0
100.0,49.3,80.8,6.91,1,72.1,1,1,0,2,0,1
90.4,55.5,83.3,5.97,1,54.5,1,1,1,0,0,1
72.1,56.3,56.6,6.04,2,58.4,0,1,0,1,0,1
74.7,43.2,53.0,6.88,1,55.7,1,2,1,1,0,1
57.0,66.3,55.6,7.71,1,75.7,0,0,1,0,0,1
74.7,68.3,75.9,8.48,0,71.0,0,2,0,1,1,0
69.8,45.6,46.9,6.08,3,55.5,0,0,0,1,1,1
80.8,89.8,79.8,9.29,1,72.8,1,1,1,0,0,0
60.1,52.7,65.2,6.82,0,52.6,0,2,1,0,0,1
84.3,54.5,83.6,7.17,3,67.2,0,0,1,0,0,1
100.0,52.9,97.2,6.15,0,51.1,0,1,1,1,1,0
73.0,37.8,88.1,3.81,1,29.5,0,0,1,1,2,1
82.2,70.6,69.0,8.44,3,68.0,0,1,0,1,0,1
87.4,79.3,77.3,8.23,1,75.7,0,0,1,1,0,0
67.8,62.1,58.3,6.81,2,55.0,0,1,0,2,0,1
79.0,44.6,70.3,7.29,1,62.5,0,1,1,1,0,1
75.2,63.1,83.0,7.92,0,68.5,2,2,1,1,0,0
76.8,38.1,55.3,5.01,0,31.7,0,2,0,1,0,1
61.1,58.7,49.1,6.46,1,46.4,0,0,1,1,0,1
75.4,49.7,81.6,8.31,2,73.8,0,1,1,1,0,1
84.0,66.7,84.0,5.44,1,43.4,1,0,1,2,1,1
100.0,68.9,81.4,7.61,0,73.3,0,0,1,2,1,0
92.3,46.2,88.1,5.3,1,54.2,1,0,1,0,0,1
100.0,76.2,88.4,7.85,1,72.9,0,2,1,0,0,0
61.2,79.5,72.8,7.15,2,74.9,1,2,1,2,0,1
90.7,48.9,79.2,4.94,3,43.9,0,0,1,0,2,1
78.3,82.7,80.1,8.83,5,80.2,0,0,1,2,0,1
100.0,53.5,100.0,6.17,2,50.3,0,0,1,0,1,1
60.5,50.4,63.3,6.07,2,70.7,0,1,1,0,1,1
59.9,59.8,57.4,7.48,0,78.7,2,1,1,0,0,1
64.2,68.3,67.2,8.81,3,75.5,1,0,1,0,1,1
36.8,43.6,37.1,5.78,2,53.9,0,1,1,0,1,1
65.5,51.1,84.8,7.29,2,72.8,0,1,1,1,0,1
61.3,65.7,59.7,7.8,1,66.4,0,2,1,1,1,1
77.7,56.0,66.7,8.17,1,65.8,0,1,1,2,0,0
81.2,64.8,63.4,7.45,0,70.7,0,1,1,1,1,0
100.0,56.5,96.0,6.69,0,59.0,2,1,1,1,0,0
92.1,52.5,88.1,6.04,3,54.6,2,2,1,1,2,1
64.6,58.0,55.3,7.32,1,57.7,0,0,0,1,0,1
58.8,73.1,61.9,5.7,3,38.6,1,1,0,1,2,1
83.9,37.3,58.6,3.11,0,31.5,0,2,1,0,0,1
51.2,56.4,52.7,7.81,1,73.8,0,0,1,0,0,1
100.0,73.8,89.5,8.47,2,71.1,0,0,1,0,1,0
96.2,28.2,99.4,3.89,0,46.2,0,1,1,0,1,1
66.6,41.1,53.9,5.79,1,46.4,0,2,1,1,0,1
44.2,57.8,33.1,8.07,1,62.2,0,1,1,0,0,1
99.4,88.5,75.6,10.0,1,84.5,0,2,0,2,2,0
72.9,56.0,52.7,7.23,1,62.3,0,1,0,2,0,1
97.3,60.3,96.5,6.18,0,59.8,2,0,1,2,0,0
46.3,67.0,62.9,6.94,2,55.1,0,1,1,2,0,1
64.2,88.6,63.2,9.12,0,87.6,1,1,1,0,2,0
75.1,46.7,79.8,6.3,1,69.1,1,0,1,1,0,1
75.8,55.5,69.4,6.08,0,53.4,0,0,1,0,1,1
66.9,60.5,60.9,6.52,2,65.9,0,0,1,1,0,1
86.2,46.1,72.0,5.87,0,44.5,1,1,1,2,3,1
55.8,56.5,50.9,7.37,0,71.5,0,2,1,2,0,1
72.4,93.4,50.2,9.47,2,88.1,2,1,1,1,0,0
77.2,66.9,71.7,7.65,0,72.3,0,2,1,1,0,0
84.3,63.3,73.6,6.85,3,59.7,0,0,1,0,1,1
87.8,51.2,83.9,6.79,0,38.7,1,2,1,0,1,1
54.8,32.8,54.3,5.01,1,40.6,1,2,1,1,0,1
47.4,67.2,46.5,8.44,0,68.1,2,1,1,1,1,1
98.0,59.3,74.9,7.09,1,54.9,0,2,1,2,0,0
81.0,50.5,72.4,6.95,1,61.4,2,0,1,0,0,1
61.5,84.9,65.5,10.0,0,82.1,1,2,1,2,0,0
100.0,51.2,73.6,7.62,1,60.2,1,2,1,1,0,0
77.1,43.3,69.8,6.15,2,46.8,0,1,1,1,0,1
96.2,61.5,84.7,6.6,1,52.8,0,1,0,1,1,0
76.2,79.7,61.2,8.81,2,83.3,2,0,1,2,0,0
100.0,59.4,79.1,7.36,0,59.2,0,1,1,0,0,0
100.0,35.9,87.3,5.19,2,42.9,0,1,0,2,1,1
70.5,63.9,53.0,8.49,0,69.7,0,1,1,0,1,0
92.5,50.3,83.2,6.26,0,57.5,0,1,1,0,0,0
86.6,88.6,66.7,9.82,2,86.8,0,2,1,1,3,0
99.6,81.5,95.4,8.71,1,53.4,0,0,1,1,0,0
57.6,51.9,78.7,6.57,1,64.7,1,2,1,1,1,1
87.3,67.2,67.5,8.99,0,87.0,0,2,1,1,1,0
94.1,64.2,86.2,7.29,1,56.0,0,1,1,1,0,0
43.3,64.8,38.1,8.39,1,65.3,0,0,1,0,1,1
53.7,62.8,63.0,7.88,1,64.9,0,0,1,2,2,1
38.3,61.7,29.2,6.02,1,47.8,0,0,1,0,0,1
70.2,60.2,68.9,6.3,3,57.0,0,1,1,2,1,1
87.9,74.7,67.8,8.64,0,60.5,0,1,1,0,1,0
100.0,47.0,82.9,6.73,0,51.0,2,2,1,1,0,0
76.3,58.1,58.1,6.63,1,68.9,0,1,1,1,0,1
100.0,58.3,93.2,5.86,1,45.4,0,1,1,0,0,0
50.2,63.2,41.7,7.79,0,76.0,0,1,1,0,1,1
44.3,95.8,51.6,10.0,1,87.5,0,2,1,0,1,0
74.0,58.8,63.4,5.71,0,38.0,1,2,1,0,0,1
81.9,74.8,71.2,7.23,1,67.3,1,2,1,0,0,1
74.4,80.4,68.6,9.18,2,77.6,0,1,1,1,0,0
37.8,65.0,33.8,7.09,0,58.5,0,1,1,1,0,1
73.4,77.9,68.5,7.83,1,69.4,0,2,1,1,0,0
51.5,52.1,66.4,5.71,4,54.0,0,1,1,2,0,1
87.1,62.3,68.2,7.8,0,72.4,2,0,1,1,0,0
81.6,55.4,83.8,6.94,1,68.8,0,0,1,1,0,1
58.1,74.8,70.6,8.58,1,76.5,0,0,1,1,0,1
65.8,65.0,52.9,8.86,0,66.3,0,1,1,1,0,0
55.9,83.9,39.6,10.0,1,81.7,0,0,0,1,0,1
73.9,76.9,69.7,8.01,4,89.7,0,0,1,0,1,1
92.2,47.5,74.1,7.66,1,71.3,0,0,1,2,1,0
57.3,75.8,73.8,7.47,1,81.4,1,1,1,1,1,1
84.1,66.0,74.2,6.71,1,68.4,0,1,1,0,1,1
65.5,61.5,52.8,7.67,1,68.1,0,1,1,1,1,1
60.7,62.0,46.0,6.79,1,61.4,0,0,1,0,0,1
73.1,63.2,77.1,7.44,3,64.2,2,0,1,0,1,1
56.4,86.7,48.7,9.04,1,65.2,0,1,0,0,1,1
65.0,57.1,61.0,5.79,1,51.5,1,1,1,1,0,1
53.4,63.6,62.0,8.8,2,83.8,1,0,1,1,1,1
100.0,81.6,80.2,9.04,0,73.2,2,0,1,1,0,0
75.6,58.1,67.5,7.03,1,64.2,0,2,0,0,1,1
62.4,36.6,58.5,4.23,1,44.8,0,1,1,1,1,1
78.9,48.1,77.0,6.35,0,49.4,0,0,1,1,0,1
73.0,90.6,72.0,9.02,3,74.0,0,0,1,0,0,1
71.0,69.2,62.5,7.17,2,55.2,0,2,1,1,0,1
86.1,43.4,75.9,5.8,2,45.7,0,1,1,0,1,1
88.6,44.5,73.3,6.49,0,47.9,2,1,1,0,0,1
65.5,68.1,46.0,8.38,1,65.7,0,1,1,1,0,1
64.6,71.2,62.8,7.97,1,78.7,0,1,1,1,2,1
70.0,60.3,83.0,6.87,2,53.5,0,1,1,0,0,1
33.6,66.9,29.7,6.69,0,59.4,0,1,1,0,1,1
47.7,62.9,40.7,6.65,0,54.7,0,1,1,0,0,1
99.6,58.0,76.0,5.91,2,60.5,0,0,1,0,0,1
100.0,83.0,92.2,9.46,1,89.9,0,2,1,0,0,0
70.5,46.2,68.8,6.75,2,65.0,0,1,1,0,0,1
85.4,74.1,73.2,8.9,1,78.4,2,0,0,1,1,0
80.6,87.8,62.2,9.33,0,78.0,1,2,1,1,0,0
100.0,72.7,85.9,8.6,0,65.4,2,2,1,1,2,0
95.2,60.1,66.0,6.6,0,71.4,0,2,1,1,0,0
72.7,63.5,67.3,7.77,1,61.8,0,2,1,0,0,1
57.8,52.7,64.2,7.17,1,67.0,0,2,1,0,0,1
46.1,49.5,34.7,5.93,0,59.9,0,0,1,2,0,1
78.7,67.5,54.7,7.65,2,62.3,0,2,1,0,0,1
61.4,41.9,73.8,5.55,2,56.7,0,2,1,0,0,1
49.4,73.4,43.5,8.86,1,81.3,0,0,0,0,0,1
63.4,48.2,70.7,6.55,0,69.5,0,0,0,1,0,1
55.5,72.5,52.3,7.48,1,61.6,1,2,1,1,0,1
100.0,62.2,83.4,7.6,2,56.8,0,0,0,2,1,0
90.9,69.7,83.0,6.84,1,56.2,0,2,0,2,0,0
74.9,80.4,58.6,8.02,3,70.6,0,0,1,1,0,1
100.0,54.9,86.3,6.54,3,57.7,0,0,1,0,0,1
76.4,63.5,64.7,8.42,0,69.6,0,1,1,0,0,0
59.5,28.5,43.4,5.32,0,34.2,0,0,1,0,0,1
100.0,50.9,88.4,7.38,0,67.3,0,1,1,0,2,0
84.7,73.3,71.7,9.91,2,98.1,1,1,1,0,1,0
56.3,60.3,52.9,5.8,0,54.6,1,0,1,0,0,1
71.6,54.1,53.0,6.25,1,59.3,0,0,1,0,1,1
59.2,70.4,72.4,7.92,2,72.4,0,1,1,0,1,1
50.1,45.6,58.8,7.45,0,67.4,0,0,1,2,0,1
91.7,55.8,88.8,7.69,0,73.0,1,1,1,1,1,0
100.0,74.1,81.9,7.88,3,70.8,0,1,0,2,0,0
49.8,71.0,32.6,8.09,1,67.5,0,0,1,0,0,1
85.1,73.2,94.1,8.75,1,69.5,0,1,0,1,0,0
63.3,70.6,58.7,7.77,0,65.4,0,0,1,0,2,1
66.2,71.4,53.9,6.86,1,62.1,1,0,1,0,0,1
64.3,67.4,64.2,8.14,0,67.9,0,0,1,0,1,1
59.4,84.4,68.3,9.86,0,86.1,0,2,0,2,0,0
75.9,61.2,67.9,7.01,3,64.2,0,2,0,2,0,1
60.0,68.7,69.8,5.84,1,57.5,0,2,1,0,1,1
79.9,57.6,81.7,8.75,1,84.0,1,1,1,0,0,0
74.1,65.2,56.1,7.03,1,61.8,1,0,1,1,0,1
70.7,34.4,57.8,4.16,0,29.1,0,1,1,0,0,1
58.7,75.8,65.6,8.39,0,69.7,0,1,1,0,0,0
64.6,49.6,33.1,6.45,1,56.9,0,2,1,0,0,1
88.6,59.7,75.5,7.07,0,48.7,0,0,0,1,0,0
84.0,70.8,59.5,7.66,2,76.0,0,0,0,0,0,1
57.4,88.4,50.4,7.47,4,65.7,0,1,1,0,0,1
76.8,76.1,65.8,8.19,1,73.2,0,2,1,0,2,0
88.5,49.2,73.4,6.59,2,67.3,0,2,0,1,0,1
45.0,63.9,40.9,7.92,0,63.9,0,1,1,2,0,1
84.8,54.5,63.4,6.84,1,63.7,1,2,1,0,1,1
63.1,55.6,82.1,8.23,2,70.1,0,1,1,2,0,1
85.3,65.9,93.4,8.06,3,68.2,0,2,1,1,1,0
61.3,55.9,46.3,5.89,1,46.7,0,2,1,2,1,1
42.5,63.9,60.6,8.72,0,86.4,0,2,1,1,0,1
45.7,63.2,43.0,6.45,0,54.0,0,1,1,1,0,1
75.9,74.7,69.4,8.33,1,76.5,0,0,0,2,2,0
79.7,59.7,70.1,7.71,1,53.6,1,1,1,0,0,1
58.7,81.9,49.5,9.77,0,91.4,0,1,0,1,0,0
86.5,71.3,85.4,6.89,1,67.5,0,2,1,2,0,0
45.1,62.9,47.8,6.71,1,59.4,0,0,1,1,0,1
73.8,61.0,61.9,7.17,1,60.8,0,0,1,2,0,1
53.2,55.7,39.2,6.78,0,62.0,0,1,1,1,0,1
63.3,71.3,50.4,8.32,0,87.6,0,0,1,2,1,0
75.9,37.9,51.7,4.94,2,32.2,0,1,1,1,0,1
59.5,31.8,56.8,5.72,2,56.3,0,1,1,1,0,1
68.1,64.8,50.7,5.71,2,44.3,0,1,1,1,1,1
93.1,73.8,77.5,8.53,1,73.1,0,0,1,2,1,0
64.6,84.7,73.9,9.59,4,80.0,0,2,1,1,2,1
90.0,59.5,90.0,7.05,1,58.4,0,1,1,1,1,0
54.7,53.3,52.9,6.96,0,60.6,0,2,1,1,0,1
84.5,60.5,73.3,7.3,2,55.4,1,1,1,0,0,1
100.0,62.2,100.0,8.83,1,82.8,0,0,1,0,0,0
30.5,68.4,41.6,5.9,1,39.7,2,0,0,2,1,1
60.7,54.2,54.2,7.53,2,69.0,0,0,0,1,0,1
85.4,64.5,60.5,8.57,1,71.2,2,1,0,0,0,0
71.3,63.6,68.9,7.9,2,60.0,0,0,1,0,0,1
81.7,73.8,80.5,7.47,1,66.1,0,1,1,1,1,0
64.1,73.2,53.6,8.6,0,62.9,0,1,1,1,1,0
76.6,20.0,71.5,3.42,2,32.6,0,0,1,1,0,1
72.2,79.3,61.9,8.15,0,60.2,0,0,1,1,1,0
96.0,59.3,80.4,6.28,1,58.5,0,1,1,0,0,1
79.6,43.7,45.8,4.64,0,35.6,0,2,1,0,0,1
81.1,73.0,69.5,7.92,2,65.2,1,0,1,0,0,1
67.6,96.7,72.0,9.12,1,80.0,0,0,1,1,1,0
66.2,77.0,55.0,7.01,0,55.7,1,2,0,0,0,1
67.2,67.0,62.6,8.53,2,72.9,0,0,1,1,0,1
82.1,93.4,64.9,9.46,1,70.1,0,2,1,1,0,0
67.4,79.9,65.8,9.04,1,81.7,0,0,1,1,3,0
80.2,84.7,69.0,9.5,4,93.3,0,2,1,2,0,0
100.0,56.5,75.6,8.24,1,90.5,0,1,1,0,0,0
90.7,60.7,91.8,7.31,1,64.1,1,2,1,1,1,0
69.1,35.6,72.7,4.96,1,50.2,0,1,1,0,0,1
96.6,64.9,76.6,6.86,1,47.4,0,1,0,0,1,0
67.7,59.7,67.3,6.02,1,63.7,1,0,1,1,0,1
38.3,68.4,47.2,10.0,0,90.4,0,0,1,0,0,1
56.9,58.9,61.2,6.95,2,57.2,2,1,1,1,0,1
41.3,71.6,27.0,7.37,1,72.6,2,1,1,1,0,1
68.7,66.3,73.1,7.97,2,67.0,0,2,1,0,0,1
75.3,67.6,62.0,7.26,2,59.9,0,1,1,0,0,1
100.0,84.2,81.4,9.57,0,84.9,0,2,1,1,0,0
80.9,56.5,98.0,6.33,0,48.2,1,1,1,1,1,1
71.1,61.3,67.8,7.47,0,71.9,0,2,1,1,1,0
89.9,42.6,74.1,6.16,1,46.9,0,2,1,1,0,1
35.2,36.5,20.0,5.35,0,40.5,1,1,1,1,1,1
79.2,59.6,84.4,6.34,4,49.4,0,2,1,1,0,1
88.9,60.9,63.8,7.15,1,67.5,1,2,1,0,1,1
48.4,55.0,38.8,6.6,2,53.5,0,0,0,1,0,1
95.6,49.6,78.6,6.23,1,45.4,0,1,1,1,0,1
81.1,42.0,85.9,5.23,2,42.6,1,0,1,1,1,1
67.5,68.6,70.0,7.08,1,61.4,0,2,1,1,0,1
86.4,40.6,73.9,5.09,1,37.5,0,0,1,2,0,1
100.0,59.5,88.1,8.26,3,63.1,0,0,1,0,0,0
78.3,68.1,63.8,7.32,2,78.3,0,1,1,2,0,1
79.5,42.2,72.0,5.16,1,40.3,0,1,1,1,0,1
66.7,57.8,62.4,6.77,1,56.9,2,2,1,1,0,1
59.7,65.1,66.5,6.15,0,51.6,0,2,1,0,0,1
89.9,64.8,87.6,7.65,1,63.2,0,1,1,0,0,0
59.6,79.5,61.7,9.08,1,82.0,0,0,1,1,1,0
76.3,29.5,64.8,4.57,2,48.2,0,1,1,1,0,1
66.4,60.8,68.9,7.36,0,61.7,2,1,1,0,0,1
83.6,64.2,72.6,6.98,1,52.2,1,1,0,1,2,1
81.0,56.7,60.9,8.14,3,79.0,0,1,1,0,0,1
93.7,65.3,76.5,7.5,3,64.3,0,1,0,2,1,1
65.8,53.1,61.9,6.15,2,66.3,0,1,1,2,0,1
70.1,57.7,73.2,6.75,3,43.3,0,1,1,0,0,1
57.4,60.0,53.3,6.09,2,55.1,0,1,0,2,2,1
67.0,76.7,49.8,8.71,0,88.1,0,2,1,2,1,0
81.8,73.3,72.8,7.23,2,60.4,2,1,1,0,0,1
88.6,75.9,78.2,9.86,0,82.3,0,0,1,1,0,0
58.4,61.6,57.7,7.12,1,64.0,1,2,1,1,1,1
90.7,53.4,87.7,6.21,1,50.8,0,1,1,1,1,1
99.4,34.6,94.8,5.08,0,43.5,0,0,1,0,0,1
82.4,47.4,66.8,4.68,0,40.0,1,1,1,0,0,1
100.0,60.9,78.8,4.98,1,40.5,0,1,0,1,0,1
61.1,64.2,47.3,7.57,1,74.2,1,2,1,0,1,1
52.6,71.3,58.8,7.91,1,71.5,0,1,1,1,0,1
43.0,43.1,59.6,4.99,1,46.6,0,1,1,0,0,1
100.0,66.1,81.8,8.45,1,78.3,1,0,1,1,0,0
86.8,40.9,73.3,6.52,0,55.3,0,1,1,2,0,1
74.0,57.3,81.5,7.41,2,58.8,1,2,1,1,0,1
80.0,69.2,76.1,9.46,2,76.4,2,2,1,1,1,0
54.7,85.5,57.7,8.46,0,72.7,0,0,1,2,0,0
100.0,57.1,73.1,6.82,0,52.2,0,0,1,2,0,0
77.3,47.8,75.9,5.95,0,49.1,0,1,1,0,0,1
77.0,42.7,59.6,4.19,2,34.9,0,1,1,1,0,1
88.1,43.7,65.3,6.19,2,69.4,1,1,1,2,0,1
83.7,52.6,70.1,6.9,0,40.8,0,1,1,0,0,1
79.0,50.0,64.5,5.82,0,50.3,0,1,1,0,1,1
60.8,67.9,55.3,7.02,0,73.2,0,2,0,0,2,1
83.5,66.1,59.0,7.31,0,64.3,0,1,1,0,0,0
100.0,60.5,94.6,6.89,1,65.4,1,0,0,1,0,0
99.2,54.1,95.7,6.29,2,56.0,0,1,1,1,0,1
100.0,66.4,65.5,7.44,1,59.8,2,2,1,2,2,0
65.8,68.1,70.8,7.82,1,51.9,0,1,1,1,0,1
57.2,40.0,46.9,5.67,0,51.8,0,1,1,0,0,1
72.7,78.4,74.5,9.18,0,73.0,0,1,1,0,0,0
76.0,51.4,67.5,7.06,2,55.9,0,2,1,2,1,1
94.7,62.1,81.6,7.23,1,59.3,2,1,1,0,0,0
44.5,65.8,44.3,8.19,0,82.7,0,1,0,0,1,1
100.0,84.3,97.1,7.53,1,82.0,1,2,1,2,0,0
72.2,72.2,53.1,8.53,0,74.8,0,2,1,1,0,0
67.3,53.4,68.2,7.6,3,62.6,0,1,1,0,0,1
56.8,52.8,65.8,6.34,1,47.5,0,1,1,2,2,1
45.2,69.7,53.8,7.71,0,69.9,0,1,1,2,1,1
89.8,61.0,100.0,5.6,0,62.3,0,0,1,0,1,0
76.3,57.8,63.1,7.35,2,62.1,0,2,1,2,0,1
51.8,48.1,60.8,7.15,2,45.6,2,1,1,0,1,1
51.7,65.3,50.1,6.91,0,65.0,0,2,1,1,0,1
69.0,48.6,75.6,7.02,1,68.1,0,0,1,2,1,1
100.0,35.3,84.9,4.57,1,30.4,0,1,1,2,1,1
70.3,52.6,60.4,6.43,2,57.7,0,0,1,0,0,1
47.9,61.7,61.6,7.33,1,66.8,2,1,1,0,0,1
70.6,68.6,59.5,7.42,1,63.9,0,1,1,0,1,1
70.1,43.5,49.9,5.76,1,45.6,0,1,0,1,1,1
26.5,74.1,28.4,8.97,2,83.9,0,0,1,0,1,1
74.0,50.8,73.0,5.99,3,50.1,0,0,1,1,1,1
70.8,73.9,78.5,8.56,1,63.1,0,0,1,0,1,0
87.5,67.1,77.4,7.8,1,53.0,0,0,1,1,0,0
100.0,57.0,98.2,6.3,1,64.2,0,1,1,0,1,0
95.3,89.1,68.1,9.69,1,86.8,0,1,1,1,1,0
70.2,50.1,59.7,5.53,1,49.8,1,1,1,0,0,1
55.1,75.8,50.7,8.49,0,69.8,0,1,1,0,0,1
100.0,60.4,83.9,8.6,0,70.1,1,0,1,2,0,0
76.1,53.6,69.1,6.26,4,47.6,0,0,0,1,1,1
75.3,81.6,74.6,9.15,1,75.2,1,0,1,0,0,0
74.6,64.1,62.7,6.85,1,45.0,0,2,0,0,0,1
78.6,59.1,71.4,7.6,1,60.7,0,1,1,1,0,1
72.4,59.0,65.2,7.56,1,63.3,0,0,1,0,0,1
64.7,55.0,51.0,7.01,1,65.4,0,0,1,1,0,1
65.2,75.1,59.5,8.34,1,71.4,0,2,1,1,0,1
74.4,78.9,65.7,8.31,1,77.1,0,1,1,0,0,0
65.2,37.1,59.0,4.75,1,52.5,0,1,0,1,1,1
62.2,84.0,58.8,9.03,1,84.6,0,1,1,1,0,0
76.9,42.4,69.6,4.87,3,47.3,0,0,1,2,4,1
70.4,72.5,60.0,8.65,1,74.2,1,2,1,0,1,1
100.0,72.9,97.7,8.78,0,68.4,0,1,1,1,0,0
27.3,54.2,22.4,5.67,0,55.6,0,1,1,0,1,1
94.6,58.9,74.0,6.62,1,69.8,0,2,1,1,1,0
97.4,66.2,100.0,5.65,1,52.6,0,1,1,2,0,0
37.7,51.8,31.0,6.9,0,73.6,0,0,1,0,1,1
68.8,61.7,49.6,6.77,1,48.5,1,1,1,2,0,1
68.3,66.2,70.2,8.29,1,63.3,0,0,1,1,1,1
49.7,69.8,29.0,9.03,2,83.3,0,0,1,2,1,1
61.0,77.7,55.3,9.15,1,80.1,0,1,1,1,0,0
55.0,55.6,75.0,6.41,2,65.5,0,0,1,0,1,1
100.0,82.1,69.6,6.91,2,60.1,1,2,1,0,0,0
91.8,39.7,59.5,4.84,0,37.7,1,2,1,0,0,1
97.9,42.6,68.5,6.07,3,52.1,0,0,0,0,1,1
88.0,74.9,85.6,8.55,2,62.7,0,1,1,1,1,0
54.7,63.8,64.5,9.46,2,72.8,0,2,1,1,1,1
65.6,45.8,55.8,5.47,0,55.6,0,1,1,2,0,1
83.8,54.3,80.5,6.37,0,62.1,0,1,1,1,0,0
53.0,67.2,66.0,7.16,0,64.8,0,1,1,1,1,1
87.8,72.3,94.4,7.59,1,53.7,0,1,1,2,0,0
70.7,47.5,62.0,6.07,1,51.0,0,1,1,2,1,1
68.3,65.0,39.8,7.79,1,58.8,0,2,1,0,2,1
87.8,49.4,68.2,6.54,0,65.5,1,1,1,1,1,1
83.0,52.0,68.8,7.18,0,58.4,0,2,0,0,0,1
68.5,70.2,60.4,7.96,1,61.1,1,0,1,0,0,1
95.9,51.1,80.2,7.21,0,62.9,0,2,1,0,0,0
55.5,52.7,65.1,6.59,2,53.2,0,1,1,1,0,1
86.1,51.9,88.0,7.05,4,71.8,1,1,1,1,0,1
85.7,64.5,73.3,7.08,0,56.5,1,1,1,1,0,0
69.4,71.2,74.6,6.68,2,48.7,0,0,1,2,1,1
80.9,47.7,75.2,6.84,4,44.6,0,0,1,0,0,1
52.5,65.4,52.4,9.44,0,80.3,1,0,1,1,0,1
91.6,66.9,88.2,7.99,1,64.9,0,0,1,1,0,0
71.7,57.8,65.9,6.79,0,49.3,0,1,1,0,0,1
65.6,71.2,81.5,8.18,1,78.7,2,1,1,1,0,0
93.9,53.7,66.3,6.73,0,63.5,0,1,1,0,3,0
62.3,73.6,53.5,8.84,0,75.5,0,0,1,2,0,0
49.6,68.5,48.5,7.72,2,76.3,0,2,1,0,0,1
47.0,68.2,52.3,7.05,0,66.0,0,1,1,0,1,1
85.9,50.9,87.8,7.83,2,61.9,0,2,0,1,0,1
52.0,39.6,51.1,5.0,1,37.7,0,1,1,0,0,1
100.0,49.5,70.8,5.62,3,55.7,0,0,1,0,0,1
37.5,39.6,49.7,5.53,4,52.0,0,1,1,1,3,1
100.0,76.8,92.5,7.4,0,65.4,0,1,1,0,1,0
78.8,76.7,50.7,9.63,2,76.1,0,0,1,1,1,0
73.3,84.7,66.2,10.0,0,89.3,2,0,1,1,0,0
65.2,73.2,44.7,8.09,1,64.5,0,0,1,1,1,1
82.2,62.4,65.9,7.9,1,67.5,2,0,1,1,2,0
74.3,25.0,58.0,4.68,1,52.6,0,1,1,0,0,1
94.9,51.3,89.5,6.44,1,51.9,1,1,1,0,0,1
77.1,60.1,70.1,6.1,0,42.8,0,0,1,1,1,1
77.7,51.1,56.5,6.33,2,48.3,0,1,1,2,0,1
68.5,52.4,71.7,6.96,3,67.7,1,1,0,0,0,1
74.0,63.0,52.4,6.54,2,59.1,1,0,1,1,0,1
80.5,35.0,74.7,4.43,0,39.5,0,0,0,1,1,1
44.2,66.0,37.8,8.25,1,67.4,0,0,1,1,0,1
50.7,49.6,46.9,5.7,0,54.0,0,1,1,1,1,1
88.4,70.2,81.9,7.53,1,59.3,1,0,1,0,0,0
78.1,100.0,74.9,10.0,1,87.1,0,1,1,1,0,0
71.7,56.9,78.6,5.91,3,47.2,0,1,1,0,0,1
75.3,40.4,66.9,3.66,3,28.0,0,1,1,1,0,1
81.3,53.7,74.9,6.8,2,54.9,0,0,1,1,4,1
65.3,66.1,56.3,8.74,0,72.3,1,1,1,1,0,0
61.0,85.0,59.5,9.94,1,84.2,0,1,1,0,0,0
78.5,47.4,74.4,5.48,1,50.5,0,2,1,2,1,1
57.4,58.5,54.2,7.9,2,42.3,0,1,1,2,0,1
82.3,54.3,54.6,6.55,3,51.7,0,1,1,1,0,1
44.4,63.1,49.4,7.05,1,58.7,0,1,1,1,0,1
93.5,87.9,84.1,10.0,3,95.5,0,1,1,0,0,0
83.5,47.3,66.7,5.1,1,38.2,2,2,1,2,1,1
79.6,66.5,57.9,7.56,0,66.6,0,0,0,1,1,1
92.7,62.7,94.6,7.85,2,78.3,0,2,1,2,3,0
100.0,70.0,89.9,8.72,1,65.6,0,1,1,0,0,0
93.3,52.8,78.0,7.34,2,66.5,0,1,1,0,0,1
41.9,79.1,32.9,7.63,2,60.4,2,0,1,2,0,1
52.0,56.6,43.2,6.65,3,54.7,0,1,1,1,1,1
63.8,62.6,72.7,7.58,0,60.0,0,1,1,0,0,1
75.5,49.7,69.2,6.72,3,53.6,0,0,1,0,0,1
84.3,92.1,68.5,8.07,2,88.6,0,0,0,1,0,0
61.9,48.2,63.5,6.68,2,64.4,0,2,1,0,2,1
78.4,62.3,61.7,7.73,3,74.5,1,1,1,1,0,1
61.4,64.2,73.0,7.16,0,65.7,0,1,1,1,1,1
64.0,79.4,73.3,8.78,1,64.0,0,0,1,1,0,0
49.7,68.3,45.1,7.13,2,64.8,0,1,1,0,2,1
58.4,54.6,49.6,4.72,0,50.3,0,1,1,2,0,1
50.7,80.3,24.3,8.97,2,70.8,0,1,1,0,0,1
57.4,42.0,40.4,5.93,1,59.2,1,1,1,1,0,1
94.0,51.4,67.4,6.28,1,60.2,0,1,1,0,0,1
57.9,56.6,56.9,6.37,2,68.9,0,1,0,1,0,1
100.0,94.1,81.7,9.12,0,75.1,0,0,1,2,0,0
83.9,24.6,60.3,4.21,1,31.0,1,2,1,1,0,1
78.3,94.6,67.0,10.0,0,82.5,0,1,1,1,0,0
59.5,75.2,61.7,8.68,2,84.5,1,1,0,1,0,1
87.6,70.6,81.6,7.51,2,52.3,0,1,1,1,0,0
64.6,59.7,41.3,7.12,2,47.5,2,2,1,2,1,1
77.2,57.9,67.8,7.6,1,66.4,0,0,1,2,0,1
100.0,73.4,71.2,7.93,2,65.3,0,0,0,0,1,0
73.3,74.1,75.3,8.1,2,69.9,0,1,0,2,1,1
95.7,75.6,89.8,7.98,2,75.4,0,1,1,0,1,0
62.3,62.2,49.7,7.33,0,59.7,0,1,1,0,1,1
74.4,54.1,59.4,6.92,1,47.3,0,0,1,0,2,1
100.0,46.9,80.4,6.99,0,75.2,0,1,1,0,0,0
63.7,65.4,37.1,6.93,3,53.4,0,0,1,1,0,1
100.0,78.1,88.4,8.79,0,67.9,2,0,1,2,0,0
87.7,60.5,73.7,8.03,0,77.0,0,2,1,1,0,0
64.9,21.9,70.1,3.08,2,27.0,1,1,1,1,2,1
86.4,65.3,64.5,8.12,0,69.5,0,1,1,1,0,0
92.5,51.7,73.6,7.47,1,68.2,0,0,1,1,0,0
86.2,54.4,60.3,7.17,1,70.0,0,1,1,0,1,1
46.7,47.5,37.7,6.66,1,55.9,0,1,1,1,2,1
61.9,71.3,46.5,8.77,0,85.8,2,2,0,1,0,1
70.5,66.6,74.3,8.53,1,58.3,0,2,1,1,0,0
73.7,39.0,59.6,6.12,0,59.3,1,1,1,1,1,1
86.2,82.2,76.6,7.77,0,61.3,2,1,1,2,1,0
78.2,59.7,65.9,5.84,0,61.3,0,1,0,0,1,1
51.0,38.6,38.0,5.27,2,48.1,2,1,1,0,1,1
81.8,55.9,70.6,6.32,1,50.9,0,0,1,1,1,1
86.0,74.8,81.2,8.41,3,76.9,2,1,1,1,0,0
85.1,82.1,62.5,8.53,3,79.5,0,0,1,2,2,0
94.5,60.8,89.2,7.92,2,72.8,0,0,1,0,1,0
90.0,78.6,69.5,8.22,3,63.5,2,0,1,0,1,1
83.3,63.0,68.5,7.92,1,65.0,0,1,1,2,1,0
73.7,42.9,71.9,6.3,0,55.4,0,1,1,1,0,1
45.1,72.1,39.9,7.8,1,67.1,0,1,1,1,0,1
82.7,81.1,73.3,8.32,1,76.8,0,1,1,0,0,0
78.7,90.9,67.0,8.26,1,56.9,0,0,1,0,1,0
79.9,65.8,72.2,8.86,1,78.3,1,1,1,1,2,0
52.0,75.2,27.6,8.19,0,68.5,0,0,1,0,1,1
55.5,62.1,35.6,7.69,0,60.7,0,1,0,2,0,1
94.0,80.2,86.9,8.7,0,69.4,0,2,1,1,0,0
74.3,49.1,77.4,7.16,1,60.8,0,0,1,0,0,1
87.3,40.6,67.0,5.97,1,27.5,0,0,1,1,1,1
75.5,53.1,65.4,6.97,3,55.9,1,1,1,1,1,1
75.5,53.0,70.8,6.16,0,48.1,2,2,1,0,1,1
91.9,48.0,86.3,6.25,1,58.8,0,1,1,0,0,1
65.7,64.8,40.7,7.0,0,55.3,0,2,1,1,1,1
76.7,60.0,59.9,6.09,0,52.2,2,1,1,1,1,1
66.7,62.3,58.3,6.77,1,69.9,1,2,1,1,0,1
67.2,51.6,69.1,4.55,1,48.4,0,0,1,1,1,1
69.4,67.1,88.6,7.5,1,71.3,0,0,1,1,1,1
79.0,51.5,68.0,7.2,0,59.1,2,2,1,1,0,1
66.4,62.4,47.4,6.06,1,57.2,0,2,1,1,0,1
97.6,64.2,87.3,8.12,2,68.3,0,0,1,1,0,0
58.9,79.6,69.4,8.51,1,71.7,0,0,1,0,0,1
71.6,54.7,66.2,4.95,1,47.5,0,0,1,2,0,1
67.1,55.8,52.9,6.13,1,49.9,0,0,1,1,0,1
100.0,40.1,94.6,6.12,4,64.4,0,0,1,1,1,1
78.5,42.7,76.6,5.88,1,51.0,0,2,1,1,0,1
93.6,81.7,70.2,8.36,0,76.2,0,1,1,0,0,0
48.3,57.5,52.6,6.93,0,70.6,0,1,1,1,0,1
79.8,58.7,80.8,6.83,1,66.9,0,1,1,0,0,1
91.0,43.4,90.5,4.39,1,30.3,1,1,1,1,0,1
76.5,74.3,67.9,8.09,1,72.8,2,1,1,1,0,0
94.2,48.7,77.3,5.47,1,54.7,0,1,1,1,2,1
65.7,60.2,73.3,7.28,3,69.5,0,1,0,1,0,1
100.0,62.0,72.9,7.59,1,57.9,2,1,0,1,1,0
100.0,84.3,89.4,9.1,1,73.2,0,1,1,0,2,0
68.5,50.1,49.2,5.37,0,54.9,0,2,1,2,0,1
67.0,23.4,72.5,3.0,0,25.0,1,2,1,1,2,1
100.0,72.0,82.4,7.46,3,62.6,0,1,1,1,1,0
100.0,81.6,97.7,9.72,0,93.8,1,1,1,0,0,0
65.6,69.1,65.8,8.93,2,76.1,1,0,1,1,2,1
67.4,57.6,50.0,7.49,1,59.9,0,1,1,0,1,1
69.9,47.5,78.2,6.51,2,51.0,0,1,1,1,0,1
50.8,68.6,66.1,8.33,1,74.0,0,0,1,0,0,1
58.5,59.5,64.7,5.84,0,42.4,0,1,1,1,0,1
56.9,60.4,47.2,7.87,0,66.2,0,1,1,1,1,1
61.2,68.7,54.8,7.91,5,70.6,0,0,1,0,2,1
74.4,68.6,68.5,8.68,1,83.6,0,2,1,1,0,0
79.2,82.9,63.4,10.0,1,89.7,2,0,1,2,2,0
100.0,53.8,100.0,7.75,0,62.0,0,2,1,0,0,0
57.0,53.4,56.4,6.49,2,65.1,0,1,1,1,0,1
92.7,59.3,52.9,7.16,0,60.2,0,1,1,0,0,0
71.1,44.5,68.2,4.72,0,34.1,0,1,0,0,0,1
74.1,54.7,63.4,6.23,0,53.6,0,1,0,0,2,1
87.1,46.7,75.3,6.63,0,68.1,0,1,1,1,0,0
54.8,63.6,49.7,6.47,2,57.9,0,1,1,1,0,1
81.9,64.7,80.4,7.41,1,64.4,1,1,1,2,1,0
78.0,53.0,80.8,6.05,0,64.8,2,1,1,1,1,1
83.9,74.5,76.5,8.77,2,65.1,0,2,0,0,1,0
80.2,57.1,67.8,7.2,0,53.6,0,0,1,1,0,1
100.0,62.8,84.6,7.19,2,51.2,0,1,0,0,1,0
63.5,61.1,59.7,6.74,0,61.5,0,0,1,1,0,1
65.4,49.1,52.8,7.42,1,65.5,0,1,1,0,0,1
63.8,66.7,65.4,8.36,0,82.6,2,1,1,0,0,0
65.0,48.8,65.1,5.99,1,54.6,0,0,1,1,0,1
63.5,55.4,74.9,6.28,1,52.4,0,0,1,2,1,1
96.4,67.1,95.0,6.77,0,59.2,0,0,1,0,0,0
100.0,39.0,78.1,5.32,0,48.4,2,1,1,1,0,1
64.7,47.5,68.5,6.05,0,41.7,1,1,1,0,0,1
60.0,51.4,47.5,6.53,1,76.2,0,2,1,1,0,1
83.5,65.2,80.4,8.42,1,76.0,0,1,1,1,0,0
65.1,61.5,55.4,7.57,1,67.0,0,0,1,0,1,1
86.4,69.7,65.2,7.47,0,69.1,0,2,1,0,0,0
78.7,62.9,72.9,8.39,1,77.1,0,1,1,0,3,0
47.7,63.0,21.7,7.01,3,60.1,1,1,0,0,1,1
100.0,52.2,67.5,7.75,1,62.6,0,0,1,0,0,0
100.0,55.5,83.2,7.06,0,65.6,2,1,1,1,0,0
64.0,61.7,60.6,7.57,1,68.3,0,2,1,2,2,1
68.0,67.7,58.9,6.38,1,50.4,1,1,1,0,1,1
80.1,30.0,55.3,3.79,2,45.2,1,1,1,1,1,1
81.0,42.0,63.5,7.01,2,63.1,0,1,0,1,1,1
86.9,62.1,79.7,9.19,0,83.6,0,2,1,2,0,0
100.0,72.5,90.8,8.5,1,82.7,0,0,1,1,0,0
71.8,77.6,65.1,8.55,2,73.6,1,1,1,1,0,1
60.6,78.9,69.0,8.93,2,78.7,0,2,1,1,0,1
50.2,63.6,54.1,7.32,1,69.3,0,0,1,0,1,1
61.8,72.8,50.8,7.48,4,59.7,0,1,1,0,1,1
74.4,49.5,64.3,6.34,2,56.1,0,1,1,1,0,1
100.0,64.6,71.0,6.76,4,59.9,0,1,1,0,0,1
65.7,55.5,59.9,8.06,2,62.8,0,1,1,1,0,1
79.0,68.3,81.4,8.89,1,92.3,0,1,1,0,0,0
74.7,45.1,74.1,7.0,2,51.2,0,1,0,1,0,1
96.4,53.6,96.5,6.57,1,48.5,1,0,1,0,0,1
100.0,60.8,82.0,7.2,2,71.8,2,1,1,2,1,0
65.4,69.3,74.3,8.04,0,74.3,0,0,1,2,1,0
66.2,44.5,59.4,5.18,2,39.2,1,0,1,0,1,1
93.8,26.5,95.4,3.99,3,41.1,0,2,1,0,0,1
87.3,53.1,75.9,6.43,2,66.7,0,1,1,1,0,1
100.0,34.7,92.1,5.49,1,48.7,0,2,1,0,1,1
85.5,66.1,89.6,6.49,1,75.1,0,0,1,0,0,1
68.5,57.0,61.0,6.99,0,48.9,0,1,1,0,1,1
85.6,51.9,77.1,6.57,0,62.4,0,0,1,2,0,0
95.0,91.2,94.4,9.23,0,87.0,0,1,1,2,0,0
89.8,55.2,76.5,7.66,1,72.5,1,1,1,1,1,0
84.1,55.8,60.7,7.62,3,64.5,0,0,1,1,0,1
94.2,59.8,100.0,8.07,3,67.5,0,2,1,2,0,0
96.0,47.1,77.5,5.61,2,53.0,1,0,0,2,0,1
99.9,77.0,86.5,8.65,1,79.9,1,1,1,2,1,0
86.7,66.2,87.2,7.09,1,66.0,0,2,1,0,0,0
72.0,89.8,59.3,8.14,1,77.4,0,2,1,0,0,0
77.6,30.4,59.3,5.7,1,43.5,0,2,1,1,0,1
96.7,47.6,85.2,5.02,2,43.6,0,1,1,1,0,1
60.3,66.5,39.3,8.35,1,65.2,0,0,1,0,0,1
81.6,61.0,69.3,7.73,2,64.1,0,0,1,0,0,1
67.9,45.5,65.0,5.94,1,59.6,1,1,1,2,1,1
75.5,43.6,65.2,5.98,2,53.6,0,1,1,2,0,1
98.0,88.1,68.2,8.78,0,93.5,2,0,1,0,0,0
78.4,53.8,85.8,5.53,0,50.6,1,1,1,2,0,1
75.8,80.9,69.1,9.5,0,81.4,2,1,1,1,1,0
50.5,61.3,64.7,5.94,1,53.3,0,1,0,1,0,1
88.4,56.7,74.3,8.09,2,65.3,1,1,1,1,1,1
86.6,46.6,66.8,6.74,4,58.5,0,1,1,0,0,1
100.0,51.0,87.7,8.04,0,77.3,0,2,1,1,0,0
69.5,49.1,61.5,6.44,1,57.3,0,0,1,1,0,1
78.9,60.6,58.5,6.97,1,55.2,0,1,1,1,1,1
79.5,62.5,85.3,7.26,2,56.6,1,0,1,0,0,1
100.0,50.5,78.8,5.8,1,48.2,1,0,0,2,0,1
73.3,58.7,47.9,8.24,4,71.4,0,1,1,0,0,1
80.0,61.5,84.3,6.48,0,65.2,0,2,1,0,1,0
85.9,60.4,70.1,6.88,2,50.7,0,0,1,1,1,1
78.4,55.2,63.8,5.81,1,49.2,0,1,1,1,1,1
67.0,20.0,44.2,3.61,1,34.9,1,1,1,1,0,1
78.5,61.4,87.4,6.93,0,47.6,0,0,1,1,2,0
94.3,75.5,68.1,10.0,1,79.2,2,2,1,1,0,0
56.5,67.4,55.2,8.3,0,66.6,0,1,1,1,0,1
77.4,65.2,78.3,7.17,1,56.8,0,0,0,1,1,1
62.4,58.8,62.9,6.83,1,61.0,0,1,1,0,1,1
96.5,54.7,82.0,7.23,1,61.7,0,1,0,1,1,0
47.6,67.8,31.3,7.97,3,64.8,0,1,1,2,0,1
64.9,34.9,52.4,5.55,1,52.4,1,1,1,0,1,1
81.8,83.7,74.1,8.76,1,87.1,1,0,1,1,1,0
100.0,68.1,77.1,8.2,1,82.1,0,1,1,2,1,0
73.8,78.7,68.7,8.21,2,57.2,0,0,1,0,0,1
65.0,62.2,67.3,7.81,0,71.6,0,2,1,1,1,0
100.0,57.2,94.6,7.23,3,61.6,0,1,1,2,1,0
48.9,63.1,37.0,8.14,1,71.2,0,0,1,0,0,1
35.4,75.3,61.8,8.03,0,66.4,0,2,1,0,0,1
82.9,51.3,80.7,6.7,0,59.5,1,0,1,2,0,1
66.0,59.5,61.2,6.4,1,57.2,0,1,0,2,0,1
56.6,59.4,65.5,7.34,0,59.7,2,1,1,1,1,1
87.8,63.8,100.0,9.37,2,73.7,0,0,1,1,0,0
79.4,41.9,56.2,5.47,1,45.6,2,2,1,1,0,1
64.8,34.3,58.1,5.15,0,47.8,0,1,1,1,1,1
52.0,63.4,27.6,7.43,0,68.6,0,0,1,0,1,1
90.7,52.3,80.4,7.27,1,69.1,2,1,1,0,0,0
86.7,70.7,79.3,7.44,0,61.1,0,1,1,1,0,0
73.2,63.4,65.9,7.54,2,67.3,0,2,1,2,0,1
100.0,57.1,78.5,6.89,1,66.8,0,1,1,2,0,0
55.7,84.2,33.5,9.29,1,87.4,2,1,1,2,1,1
47.5,49.9,52.0,4.96,1,44.3,1,1,1,2,3,1
62.5,51.2,73.3,6.04,1,51.8,0,1,1,1,0,1
74.2,53.8,61.0,7.06,1,62.8,0,1,1,1,1,1
79.4,27.5,75.0,4.9,5,36.1,2,0,0,1,0,1
70.7,53.6,48.8,6.95,0,59.3,0,1,1,1,1,1
81.3,76.0,76.5,9.53,1,86.4,0,1,1,1,2,0
52.5,62.3,47.8,7.23,2,67.3,0,2,0,0,0,1
100.0,61.2,77.4,7.52,1,63.3,0,0,1,2,1,0
73.5,51.7,58.9,5.44,0,50.0,0,1,1,1,1,1
95.1,49.0,77.6,6.34,2,49.9,0,2,1,0,1,1
81.2,56.3,75.6,6.67,1,63.3,0,1,1,1,0,1
83.2,66.9,60.1,6.76,1,58.5,0,2,1,1,0,1
85.3,79.2,70.7,8.99,1,75.0,0,2,1,0,0,0
83.1,67.4,72.7,7.98,0,66.3,0,1,1,1,1,0
86.6,43.2,64.6,5.64,0,49.7,1,1,1,0,0,1
98.9,59.1,100.0,7.55,2,62.2,0,0,1,0,0,0
78.5,60.3,61.4,7.9,0,72.8,0,1,0,1,0,0
87.8,70.4,69.7,8.8,3,72.6,2,0,1,1,0,0
73.4,86.1,56.6,9.41,2,91.5,0,1,1,2,1,0
100.0,47.3,100.0,5.78,4,61.5,0,1,1,1,0,1
62.8,40.8,64.5,6.06,1,47.3,0,1,1,2,0,1
100.0,60.4,75.6,5.44,3,49.0,1,0,1,0,0,1
74.3,61.0,78.1,6.87,0,55.4,2,2,0,0,0,1
49.2,55.5,51.5,7.85,2,65.5,2,0,1,1,0,1
77.3,69.4,71.7,8.58,1,87.7,1,0,1,0,1,0
62.7,61.2,55.5,7.09,1,59.6,0,0,1,1,0,1
90.1,71.0,70.6,6.75,0,61.5,0,2,1,1,0,0
63.3,54.1,62.7,7.41,1,68.1,0,2,1,2,2,1
67.0,59.1,56.4,6.03,0,46.2,0,1,1,0,1,1
41.0,96.2,61.9,10.0,0,79.0,0,2,1,1,0,0
66.9,37.0,49.1,4.95,2,36.2,0,0,1,1,0,1
31.4,61.2,52.3,7.46,0,58.5,0,2,1,0,0,1
46.5,76.7,46.4,10.0,0,65.0,1,0,1,1,0,1
88.7,59.7,80.1,7.21,3,66.5,0,0,1,1,0,1
89.1,58.6,85.7,6.93,2,74.9,0,0,0,1,0,1
82.7,62.2,66.6,6.7,1,59.6,0,1,1,0,0,1
57.6,67.8,64.0,6.95,4,50.7,0,1,0,0,0,1
74.1,71.6,39.8,9.12,1,73.5,0,1,0,1,0,0
74.9,20.0,60.3,4.1,1,34.6,0,2,1,0,1,1
54.1,79.3,43.7,9.35,2,72.7,0,1,1,0,1,1
100.0,46.6,72.5,5.21,2,52.7,1,0,1,0,0,1
90.8,60.0,76.4,6.83,1,65.3,2,1,1,0,0,0
71.0,53.5,68.6,6.6,1,49.7,0,1,1,0,0,1
75.5,69.2,74.9,8.02,3,74.3,0,2,1,0,0,1
78.8,54.3,72.5,4.96,3,55.4,0,1,1,1,0,1
38.2,69.8,35.1,7.85,1,81.1,2,1,0,1,0,1
70.6,82.0,68.1,10.0,1,100.0,0,0,1,1,0,0
62.7,41.0,60.1,5.29,1,41.0,0,1,1,1,1,1
57.0,62.1,64.2,7.47,2,84.5,1,2,1,1,1,1
69.9,66.4,71.7,6.27,0,52.7,0,0,1,1,1,1
100.0,64.8,85.3,7.8,0,63.2,0,2,1,1,0,0
86.5,61.3,66.6,7.23,1,65.1,0,1,1,1,2,0
64.7,49.7,53.8,6.3,1,51.3,0,0,1,1,0,1
85.3,75.8,69.2,7.88,0,70.9,0,2,1,1,2,0
100.0,98.4,81.8,9.73,2,73.6,0,1,1,1,0,0
91.6,62.5,81.8,6.93,2,58.8,1,1,1,1,1,1
76.1,70.4,75.4,8.21,1,79.7,0,0,1,0,1,0
63.4,46.1,58.8,5.39,1,47.7,0,0,1,0,2,1
87.6,30.7,76.5,5.86,2,52.9,0,2,1,0,0,1
82.1,72.8,73.9,7.86,2,71.2,1,1,1,0,0,1
91.1,79.9,73.6,9.28,3,87.4,0,2,1,0,0,0
86.4,68.9,66.2,7.7,3,55.0,0,0,1,1,1,1
93.9,51.8,63.2,6.76,2,63.2,0,0,1,1,0,1
65.4,58.1,53.8,7.2,0,60.7,1,0,1,1,1,1
98.7,43.0,88.8,5.45,2,49.8,0,1,1,0,0,1
78.6,76.6,63.0,8.05,1,76.8,0,2,1,2,0,0
100.0,68.7,82.6,8.44,1,64.1,0,1,1,1,1,0
62.6,72.5,63.5,6.57,2,50.4,1,1,1,0,1,1
100.0,59.1,90.2,6.54,2,43.8,0,2,1,1,1,0
78.6,54.2,59.2,7.57,2,61.7,0,1,1,1,0,1
63.3,55.0,69.3,6.59,0,67.0,1,0,0,1,0,1
66.3,55.2,72.7,7.11,0,61.0,2,2,1,0,0,1
69.2,67.4,52.2,10.0,0,75.6,0,1,1,1,0,0
82.6,71.1,64.6,6.85,2,56.4,2,0,1,2,0,1
84.4,62.6,86.0,6.7,0,48.2,0,0,1,1,2,0
64.7,57.8,58.8,6.29,2,47.5,0,1,1,1,1,1
74.6,71.4,45.0,8.24,2,73.7,1,1,1,1,1,1
100.0,48.0,71.0,6.95,2,52.4,0,0,0,1,0,1
100.0,49.6,82.5,6.29,1,63.1,0,0,1,0,1,1
82.9,83.7,61.4,9.05,0,76.9,0,1,1,1,0,0
75.7,69.7,63.8,9.19,1,79.1,0,2,1,0,2,0
77.2,33.8,69.3,6.36,0,53.9,0,1,1,1,1,1
86.0,37.2,89.9,4.59,0,47.1,0,0,1,1,0,1
56.6,72.1,51.7,8.61,0,79.4,1,0,1,0,0,1
70.4,54.1,75.0,6.24,1,57.3,0,0,1,1,0,1
45.0,76.4,60.8,8.31,1,75.4,0,0,1,1,2,1
82.2,42.9,86.9,4.44,1,39.1,2,1,1,0,3,1
86.6,73.9,78.5,8.45,1,76.4,0,1,1,1,0,0
66.3,56.4,41.8,5.5,2,46.7,0,1,1,0,1,1
100.0,57.7,89.6,8.22,1,70.8,0,1,0,1,1,0
52.9,65.4,62.5,7.22,3,60.8,0,0,0,0,0,1
48.6,54.9,48.2,5.86,3,48.7,0,1,1,1,1,1
79.0,46.4,87.8,6.63,1,53.2,0,1,1,1,0,1
93.8,57.3,89.3,8.16,1,73.6,0,1,1,1,0,0
100.0,56.5,90.7,7.35,1,73.0,0,0,1,0,0,0
66.7,62.9,72.6,8.02,0,77.3,0,1,1,2,0,0
94.4,90.7,84.4,9.97,2,75.9,1,0,1,1,1,0
74.3,37.7,42.1,5.01,1,54.1,1,0,1,0,0,1
71.9,73.6,60.3,9.46,0,78.5,0,2,1,1,1,0
90.9,57.5,90.6,7.35,1,68.0,0,2,1,0,0,0
86.7,59.5,67.6,5.94,0,46.2,2,0,1,1,1,1
46.6,45.5,45.4,5.34,1,48.7,0,0,1,1,1,1
100.0,57.5,74.6,6.94,1,62.7,1,1,1,1,1,0
99.8,71.3,100.0,8.49,2,62.5,0,0,1,2,1,0
63.7,70.0,76.4,7.02,1,65.4,2,1,1,1,0,1
82.1,73.2,63.6,9.32,2,88.9,0,0,1,0,0,0
83.9,54.5,75.2,5.17,0,45.1,0,0,1,2,1,1
79.7,62.7,64.0,7.18,2,72.0,0,1,1,2,0,1
65.1,45.0,66.7,5.45,0,47.2,0,2,1,1,0,1
62.9,85.5,64.1,7.71,2,72.6,0,0,0,1,0,1
74.5,63.3,75.3,8.44,1,57.0,0,1,1,0,0,0
96.1,53.4,85.6,6.61,1,74.8,0,0,1,1,0,0
84.8,20.4,100.0,3.55,1,43.9,0,0,1,0,0,1
68.3,71.2,52.6,7.48,3,62.8,0,2,0,0,0,1
88.9,79.9,60.1,7.81,0,53.7,0,1,1,1,0,0
25.0,79.4,28.6,7.77,2,69.1,0,1,1,0,0,1
95.7,85.7,66.3,8.93,2,66.3,0,1,1,0,0,0
43.7,46.9,30.7,5.7,1,53.7,0,2,1,1,1,1
68.5,66.4,52.9,8.15,1,73.1,0,2,1,0,1,1
54.8,62.0,44.2,8.87,2,69.4,0,0,1,0,1,1
51.7,56.3,41.6,4.71,2,50.5,0,0,1,0,0,1
95.9,68.8,87.3,7.65,1,71.8,0,1,1,0,0,0
66.6,51.3,56.5,6.49,0,63.8,0,1,1,1,1,1
81.2,70.9,70.1,7.09,1,61.7,0,2,0,1,0,1
74.2,57.6,75.9,7.69,0,56.6,2,1,1,1,0,0
83.6,58.7,65.8,6.52,2,64.0,0,2,1,1,0,1
76.4,51.8,65.8,6.25,3,53.1,0,0,1,0,0,1
51.9,66.7,55.0,7.25,2,53.3,0,2,1,0,0,1
92.9,47.8,60.6,5.68,1,59.9,0,1,1,0,0,1
66.1,36.7,37.4,5.68,0,65.1,0,2,1,1,0,1
47.0,69.9,51.3,8.15,1,69.9,0,0,1,1,1,1
67.3,55.9,67.0,5.59,1,64.8,2,1,1,1,0,1
100.0,68.9,100.0,8.13,2,70.7,2,1,1,0,1,0
90.3,72.9,79.8,7.85,3,65.1,1,1,1,0,0,1
68.7,32.3,71.3,4.78,1,38.9,0,1,1,1,1,1
68.7,52.9,61.1,6.25,1,66.5,0,2,1,0,0,1
69.2,70.4,66.4,8.87,1,70.5,0,1,1,1,2,0
100.0,55.5,100.0,5.83,0,56.8,2,1,0,1,0,0
81.9,55.9,51.1,6.55,1,53.5,0,0,1,1,0,1
82.7,72.2,77.1,7.85,1,64.6,0,2,1,2,0,0
93.5,79.2,100.0,8.3,1,78.6,0,1,1,2,0,0
79.3,63.7,73.3,6.85,2,57.1,0,1,1,1,0,1
70.3,56.3,80.7,6.36,1,53.1,2,0,1,1,2,1
71.5,70.1,58.7,9.19,1,86.5,0,1,1,0,0,0
73.7,81.9,66.3,9.63,2,93.3,0,0,1,2,0,0
74.3,68.6,67.4,8.57,0,78.1,0,0,1,1,0,0
88.1,59.5,54.5,7.32,1,59.0,1,1,1,0,0,1
75.9,48.6,56.5,6.07,2,50.0,0,0,1,1,1,1
88.2,43.5,65.8,6.04,1,53.9,1,0,1,0,1,1
73.5,51.8,74.7,7.93,2,70.7,0,1,1,1,0,1
76.4,60.8,77.2,7.79,0,60.4,1,0,1,1,0,0
39.0,79.4,45.6,9.16,1,83.4,0,1,1,0,1,1
91.5,58.2,87.3,8.11,0,70.5,0,0,1,0,1,0
81.2,43.4,70.2,5.1,1,33.8,0,1,1,2,0,1
93.0,88.9,92.1,8.67,1,67.9,0,1,1,1,0,0
25.0,57.5,32.6,5.8,0,47.9,0,1,1,1,2,1
100.0,69.8,85.6,6.66,0,57.8,1,0,1,0,0,0
72.5,67.3,63.1,7.55,0,78.6,0,0,1,1,1,0
94.9,94.3,88.3,9.99,1,86.6,0,0,1,1,0,0
56.3,79.2,50.2,10.0,0,79.1,0,1,0,0,0,0
86.0,63.3,85.0,8.05,1,70.9,0,2,1,0,1,0
56.0,37.1,42.9,6.94,3,58.1,1,0,1,0,0,1
63.8,77.0,48.7,7.95,0,70.9,0,0,0,0,1,1
100.0,84.1,91.9,8.44,1,76.6,2,0,1,2,0,0
71.6,53.0,64.2,6.75,3,67.5,2,1,1,0,0,1
78.9,80.5,65.7,9.71,1,82.5,0,1,1,1,0,0
90.7,57.9,87.4,7.52,1,76.6,0,1,1,1,0,0
83.9,70.2,67.7,7.9,1,74.5,1,2,1,0,0,0
77.7,78.1,67.4,8.13,1,65.1,0,1,0,1,1,0
81.6,52.3,86.1,7.79,2,82.8,0,0,1,0,1,1
100.0,74.5,100.0,8.37,1,74.3,0,0,1,1,1,0
74.0,51.6,82.5,6.34,2,49.8,0,1,1,0,1,1
78.6,55.5,67.2,6.42,1,67.9,1,1,1,1,1,1
93.9,51.8,93.0,5.66,3,64.8,0,1,1,1,1,1
94.9,64.9,71.9,7.82,2,67.3,0,1,1,2,0,0
96.4,69.6,73.4,8.29,1,67.8,2,1,1,1,0,0
86.5,64.9,52.0,7.84,2,66.5,1,2,1,1,1,1
54.4,88.9,69.8,9.54,2,86.4,0,1,1,0,2,0
100.0,64.5,76.4,7.19,0,71.5,1,1,0,1,0,0
54.4,70.9,51.8,8.14,1,74.1,0,0,1,1,1,1
80.4,38.0,62.2,5.67,0,51.1,1,1,0,2,0,1
61.4,53.6,64.9,6.66,1,68.8,0,2,1,0,3,1
73.8,76.7,62.9,8.17,0,68.2,0,1,1,0,0,0
80.9,71.6,58.6,8.39,1,79.3,0,1,1,1,0,0
80.8,63.0,76.0,6.79,3,57.3,0,1,0,1,0,1
82.6,74.5,58.5,7.1,3,64.8,2,0,1,0,0,1
100.0,51.4,76.6,5.07,3,44.8,0,1,1,1,0,1
83.2,57.7,52.1,6.7,1,58.2,2,0,1,1,1,1
70.6,67.7,50.2,8.45,0,69.9,2,2,1,2,1,0
92.4,47.6,81.4,8.01,1,78.5,0,2,1,1,0,0
96.4,65.8,62.8,7.9,1,63.1,1,0,1,0,0,0
52.9,59.2,37.2,7.27,1,58.0,0,0,1,0,1,1
85.8,64.4,75.0,7.21,2,77.5,2,1,1,0,0,1
87.6,52.1,70.9,6.28,0,62.0,0,1,1,1,0,1
69.6,67.0,83.7,8.18,0,53.7,0,0,1,1,0,0
99.8,52.0,100.0,7.79,2,63.4,0,1,1,0,1,0
72.3,59.5,56.9,7.89,0,55.4,0,1,1,1,1,0
77.3,58.8,74.7,6.46,3,50.1,0,0,1,1,0,1
71.9,49.3,72.8,4.19,0,25.0,0,2,1,0,1,1
75.3,73.5,61.7,8.74,0,73.9,1,2,0,0,0,0
55.3,58.1,38.7,6.53,0,49.2,0,1,1,2,3,1
49.1,58.6,49.2,5.99,0,53.4,0,2,1,0,0,1
100.0,63.0,83.3,8.17,0,59.0,0,0,1,1,1,0
59.8,59.5,52.5,6.65,0,58.8,0,0,1,1,1,1
57.2,67.9,59.4,8.68,2,71.6,0,0,1,1,1,1
36.2,75.5,32.9,8.06,2,80.0,1,1,0,1,0,1
63.5,70.5,47.9,8.16,1,80.1,2,2,1,1,0,1
51.2,47.3,51.9,5.29,1,52.8,0,1,1,2,1,1
100.0,69.4,88.9,8.9,1,73.9,0,2,1,2,0,0
93.2,70.0,68.5,7.57,0,79.4,0,1,1,1,1,0
62.6,73.5,68.1,6.68,1,47.6,0,1,1,0,0,1
100.0,54.8,67.3,7.4,5,54.4,0,1,1,0,0,1
92.7,37.3,74.1,4.71,3,42.1,1,0,1,1,1,1
69.2,67.9,60.8,7.77,3,83.0,0,0,1,1,0,1
30.0,55.2,29.6,5.76,0,49.7,1,1,1,0,1,1
100.0,40.6,79.3,5.31,1,46.2,0,1,1,0,0,1
50.0,20.4,68.7,5.07,2,35.5,0,1,1,1,0,1
45.4,85.3,38.3,8.76,1,81.7,0,1,1,0,1,1
93.4,59.8,100.0,6.32,2,62.2,0,0,1,1,2,1
100.0,65.5,89.4,9.35,1,85.3,0,1,0,1,1,0
99.9,50.0,85.9,6.45,2,52.2,1,1,1,1,0,1
85.2,53.4,79.4,4.81,1,38.5,0,1,1,0,1,1
85.7,59.5,100.0,5.64,2,41.0,1,2,1,0,0,1
90.4,83.4,68.3,8.93,1,77.0,0,1,1,0,0,0
88.7,57.9,65.9,6.98,1,53.3,0,1,1,0,0,1
80.1,55.3,63.5,6.43,3,48.2,0,2,1,1,0,1
76.9,62.1,69.1,7.42,1,61.4,0,2,1,1,0,1
73.9,76.2,49.5,7.9,2,64.8,0,2,1,0,0,1
61.4,67.5,58.2,8.76,3,71.3,0,0,1,0,0,1
69.9,72.0,80.9,9.23,1,82.1,0,0,0,0,0,0
44.5,65.0,47.7,6.7,0,59.1,0,0,1,2,0,1
73.2,45.1,63.3,5.34,3,45.7,0,0,1,1,1,1
57.2,67.3,48.9,6.62,2,59.3,0,2,1,2,1,1
55.1,58.9,62.6,7.56,1,58.6,0,1,1,1,0,1
78.2,49.3,61.5,5.85,2,52.5,2,0,1,1,2,1
100.0,42.4,100.0,5.86,0,52.9,0,0,1,1,0,0
91.5,65.3,98.4,7.68,0,55.9,1,0,1,0,0,0
46.7,48.8,50.3,7.13,0,69.0,0,1,1,1,0,1
57.2,57.7,54.9,7.25,2,56.8,0,1,1,0,0,1
91.9,40.7,89.7,6.14,0,54.7,0,2,1,1,1,0
57.3,64.0,66.1,6.88,2,68.2,2,2,1,0,1,1
71.0,55.9,56.6,5.91,1,58.7,0,0,1,1,3,1
84.9,58.0,69.2,8.45,0,72.8,1,1,1,0,2,0
57.6,84.2,42.1,8.65,0,71.7,0,0,1,2,1,0
76.9,59.2,72.9,4.62,2,48.6,0,1,1,0,1,1
51.0,50.5,57.4,5.9,2,56.9,0,2,0,1,0,1
64.2,38.3,46.4,5.1,1,41.5,0,1,0,1,0,1
80.8,76.1,67.0,6.29,0,49.8,0,1,1,0,0,0
46.3,49.7,34.0,7.08,4,47.2,0,1,1,1,0,1
82.9,44.1,64.1,5.17,0,47.4,0,0,1,2,0,1
74.6,51.7,72.8,5.91,2,51.7,2,0,1,0,1,1
84.9,60.0,67.1,5.79,3,59.3,0,1,1,2,0,1
79.0,66.5,67.3,7.49,2,67.4,1,1,1,1,0,1
99.6,58.0,68.4,7.3,1,72.7,0,0,1,1,0,0
